{
    "loss": 5.552225112915039,
    "accuracy": 0.6043165326118469
}