{
    "loss": 0.8228596448898315,
    "accuracy": 0.8920863270759583
}