{
    "loss": 1.6215559244155884,
    "accuracy": 0.9568345546722412
}